{
  "title": "SWADE Animated",
  "description": "Animation for SWADE",
  "version": "0.0.2",
  "authors": [
    {
      "name": "Marcos",
      "flags": {}
    }
  ],
  "styles": [
    "scripts/configuration/tooltip.css"
  ],
  "languages": [
    {
      "lang": "en",
      "name": "English",
      "path": "lang/en.json",
      "flags": {}
    }
  ],
  "esmodules": [
    "scripts/init.js"
  ],
  "socket": true,
  "url": "https://github.com/mrcomac/swade-animated",
  "manifest": "https://raw.githubusercontent.com/mrcomac/swade-animated/main/module.json",
  "download": "https://github.com/mrcomac/swade-animated/blob/main/swade-animated.zip?raw=true",
  "id": "swade-animated",
  "packs": [
    {
      "label": "SWADE Animated",
      "type": "Item",
      "name": "swade-animated",
      "path": "packs/swade-animated.db",
      "private": false,
      "system": "swade",
      "flags": {}
    }
  ],
  "relationships": {
    "requires": [
      {
        "id": "sequencer",
        "type": "module",
        "manifest": "https://github.com/Haxxer/FoundryVTT-Sequencer/releases/latest/download/module.json",
        "compatibility": {}
      },
      {
        "id": "socketlib",
        "type": "module",
        "compatibility": {}
      },
      {
        "id": "tokenmagic",
        "manifest": "https://raw.githubusercontent.com/Feu-Secret/Tokenmagic/master/tokenmagic/module.json",
        "compatibility": {},
        "type": "module"
      }
    ],
    "systems": [
      {
        "id": "swade",
        "type": "system",
        "compatibility": {}
      }
    ]
  },
  "compatibility": {
    "minimum": "10",
    "verified": "10"
  }
}